Step,Average Fitness,Survival Time,Minerals,Gas,Depth,Size,Best Individual,Best Fitness
0,3451.589355,43.75714111,647,184.75,1.54,6.22,Q(B(MMMaMa)B(EEEMa)StB(MEMaE)),4676.785645
1,3743.928467,50.18928528,930,230,1.88,8.52,Q(MaB(MaMaMaMa)B(EMME)B(MEMaMa)),4969.643066
2,3890.267822,54.52142715,1143,279.25,2.11,11.27,Q(StEQ(Q(B(MMaMMa)EMaSt)Q(MStMMa)Q(EMaMSt)Q(StMMaM))M),4791.071289
3,4058.642822,58.64642715,1336.5,313,2.18,12.55,Q(MB(MaMaEM)StB(MaMMMa)),5262.5
4,4274.143066,61.94643021,1452.5,312,2.21,12.33,Q(Q(Q(StEStSt)Q(B(MMMaM)EB(EEEE)M)Q(StEStMa)Q(EStMM))B(MMaEM)StB(MaMMaE)),7528.571289
5,4380.678711,62.76428604,1461.5,289.5,2.18,12.48,Q(Q(Q(StEStSt)Q(B(MMMaM)EB(EEEE)M)Q(StEStMa)Q(EStMM))B(MMaEM)StB(MaMMaE)),7528.571289
6,4408.196289,64.76071167,1575.5,328.25,2.34,13.92,Q(Q(Q(StMaStSt)Q(B(MMMaM)EB(EEEE)M)Q(StEStMa)Q(EStMM))B(MMaEM)StB(MaMMaE)),6712.5
7,4463.910645,65.36785889,1562.5,340.25,2.27,13.29,Q(B(MaMMMa)B(MMaEM)StB(MaMMaE)),5308.928711
8,4387.268066,65.27143097,1652,325.25,2.15,13.79,Q(MaB(MMMMa)B(EMMaE)B(MEMaMa)),5498.214355
9,4541.893066,66.99642944,1638,346.5,2.25,13.83,Q(MQ(Q(MMaMaB(EEMaMa))Q(B(MMMMa)MStSt)Q(StStMM)Q(MaEB(EMMaMa)E))StB(MaMMMa)),5755.356934
10,4409.356934,65.20357513,1613,332,2.28,14.02,Q(B(MaMaMaMa)B(EEMM)StB(MEMaM)),5266.071289
11,4481.268066,66.69642639,1657,354.25,2.23,14.13,Q(B(MaMaMaMa)B(EEMM)StB(MEMaM)),5266.071289
12,4467.625,67.27500153,1739,347.25,2.23,14.18,Q(B(MaMaMaMa)B(EEMM)StB(MEMaM)),5587.5
13,4516.321289,68.23571777,1772.5,356.5,2.28,14.87,Q(B(MaMaMaMa)B(EEMM)StB(MEMaM)),5587.5
14,4588.196289,70.21071625,1873,373.25,2.27,15.02,Q(B(MaMaMaMa)B(EEMM)StB(EEMaM)),5473.214355
15,4679.518066,70.99642944,1874.5,363.75,2.25,15.02,Q(B(MaMaMaMa)B(EEEM)StB(EEMaM)),5501.785645
16,4668.053711,70.03928375,1791,363.25,2.21,14.32,Q(MB(MaMaMaM)StB(MMaMaM)),5451.785645
17,4567.231934,69.02857208,1770.5,376.75,2.08,13.45,Q(EB(MaMaMMa)StB(MEMaM)),5455.356934
18,4613.553711,68.86428833,1731,361.25,2.04,13.22,Q(B(MaMMaMa)EQ(Q(EMESt)MaMaQ(EMaMaSt))E),5235.714355
19,4566.589355,68.03214264,1685,367.75,2.09,13.19,Q(B(MMaMaMa)B(EEMMa)StB(MEMaM)),5301.785645
20,4572.285645,68.29285431,1681,384,2.2,13.71,Q(B(MaMMMa)StStB(EEMM)),5389.285645
21,4645.339355,70.75714111,1764,444.25,2.57,17.82,Q(B(MaMMMa)Q(Q(StStB(MaEEM)M)Q(EStMaMa)Q(MMaMaB(MEMMa))Q(MStEMa))StB(MMMaM)),6007.143066
22,4822.196289,72.83571625,1801,440.25,2.54,17.17,Q(B(MaMMaMa)EQ(Q(EMaESt)MaMaQ(Q(Q(MStEB(EEEE))Q(StMStMa)Q(B(MaMMM)StStE)Q(StMaEE))MaStSt))E),14625
23,4943.268066,74.59642792,1778,492.25,3.03,19.89,Q(B(MaMMaMa)EQ(Q(EMaESt)MaMaQ(Q(Q(MStEB(EEEE))Q(StMStMa)Q(B(MaMMM)StStE)Q(StMaEE))MaStSt))E),14625
24,4962.928711,74.38928223,1730.5,497,3.29,22.01,Q(B(MaMMaMa)EQ(Q(EMaESt)MaMaQ(Q(Q(MStEMa)Q(StMStMa)Q(B(MaMMM)StStE)Q(StMaEE))MaStSt))E),14487.5
25,5525.321289,84.68571472,2047,597.5,3.45,24.07,Q(B(MaMMaMa)EQ(Q(EMaESt)MaMaQ(Q(Q(MStEMa)Q(StMStMa)Q(B(MaMMM)StStE)Q(StMaEE))MaStSt))E),14487.5
26,5738,87.84999847,2099,632,3.8,30.17,Q(B(MaMMaMa)EQ(Q(EMaESt)MaMaQ(Q(Q(MStEMa)Q(StMStMa)Q(B(MaMMM)StStE)Q(StMaEE))MaESt))E),14860.71387
27,6954.071289,110.4357147,2774,877,4.59,42.07,Q(B(MaMaMaMa)EQ(Q(EStStSt)MaEQ(MQ(Q(EStStMa)Q(StMStM)Q(EMMB(MEMM))Q(B(EMEE)StMaE))MaSt))E),14698.21387
28,8622.321289,138.1607208,3435,1172.5,5.44,49.55,Q(B(MaMaMaMa)EQ(Q(EMStSt)MaEQ(MQ(Q(EStStMa)Q(StMStM)StQ(B(EMEE)StMaE))MaSt))E),14898.21387
29,10922.75,177.375,4447,1578.5,6.21,59.71,Q(B(MaMaMaMa)EQ(Q(EMStSt)MaEQ(MQ(Q(EStStMa)Q(StMStM)StQ(B(EMEE)StMaE))MaSt))E),14898.21387
30,11131.83887,171.2821503,3833,1442.25,6.11,55.8,Q(EMaQ(Q(EMaESt)MaMaQ(Q(Q(MStEMa)Q(Q(Q(EEMSt)Q(B(MaMEMa)EMaB(MaEMaM))Q(EMaEB(MEMM))Q(MStMaM))StStMa)Q(B(MaMMM)StStE)Q(StMaEE))MaStSt))B(MaMMaM)),15362.5
31,10928,166.9499969,3677.5,1393,6.18,55.68,Q(EMaQ(Q(EMaESt)MaMaQ(Q(Q(MStEMa)Q(Q(Q(EEMSt)Q(B(MaMEMa)EMaB(MaEMaM))Q(EMaEB(MEMM))Q(StMaMaM))StStMa)Q(B(MaMMM)StStE)Q(StMaEE))MaStSt))B(MaMMaM)),15275
32,11730.08887,172.9571381,3505,1373.75,6.07,51.21,Q(B(MaMEMa)MaQ(Q(EMaESt)MaMaQ(Q(Q(MStEQ(Q(MStEMa)Q(StMStMa)Q(B(MaMMM)StStE)Q(StMaEE)))Q(StMStMa)StQ(StMaEE))MaStSt))B(MaMMaM)),15462.5
33,11287.44629,166.8857117,3349.5,1367.75,6.07,51.02,Q(B(MaMEMa)MaQ(Q(EMaESt)MaMaQ(Q(Q(MStEQ(Q(MStEMa)Q(StMStMa)Q(B(MaMMM)StStE)Q(StMaEE)))Q(StMStMa)StQ(StMaEE))MaStSt))B(MaMMaM)),15462.5
34,11019.21387,163.4571381,3277.5,1366,6.23,50.86,Q(MMaQ(Q(EMaESt)MaMaQ(Q(Q(MStEMa)Q(StMStMa)Q(B(MaMMM)MStE)Q(StMaEE))EStSt))B(MaMMaM)),14900
35,11649.05371,166.2142792,3044.5,1285.25,6.47,56.4,Q(B(MaMEE)MaQ(Q(EMaESt)MaMaQ(Q(Q(MQ(Q(MaMaB(EMaMM)M)Q(StMaMaSt)Q(EMStMa)Q(B(MaMaEE)B(EMaMM)StM))EMa)Q(StMStMa)Q(B(MaMMM)StStE)St)MaStSt))B(MaEMaM)),15600
36,11826.21387,169.2571411,3077.5,1348,6.56,58.99,Q(EMaQ(MMaMaQ(Q(Q(Q(StStStE)Q(MMMaB(EMMMa))Q(MMMSt)Q(B(MaMEM)StME))Q(StStStMa)Q(MStStE)Q(StMaEE))MaStSt))B(MaMMaM)),15550
37,13073.60742,184.1285706,3229.5,1406.5,6.92,65.06,Q(B(MaMMaMa)Q(StStStE)Q(Q(Q(EMaMSt)Q(B(MEMaMa)EStE)Q(Q(Q(StStB(MaEEMa)M)Q(EMME)Q(B(MaEME)MaEB(MaEME))Q(MMMaM))EMaQ(Q(StStStE)Q(Q(MaMaMMa)MMaB(EMMMa))Q(MQ(Q(MStEMa)Q(StMStMa)Q(B(MaMMM)StStE)Q(StMaEE))MSt)Q(B(MaMEM)StME)))Q(StStStE))MaB(EMMMa)Q(Q(Q(StStStE)Q(MMMaB(EMMMa))Q(MMMSt)E)MaMaM))E),15437.5
38,12360.60742,174.1035767,3075,1316.5,6.99,71.06,Q(EMaQ(MMaMaQ(Q(Q(Q(StStStE)Q(MMMaB(EMMMa))Q(MMStSt)Q(B(MaMEM)StME))Q(StStStMa)Q(MStStE)Q(StMaEMa))MaStSt))B(MaMMaM)),15412.5
39,12389.25,172.3999939,2945,1270.5,7.51,82.54,Q(B(MaMEMa)MaQ(Q(EEESt)MaMaQ(Q(EQ(StEStMa)Q(B(MaMMM)MStMa)Q(StMEQ(Q(EEMaSt)Q(MMaStM)Q(EMaEMa)Q(B(EMMaE)MMB(EMME)))))EStQ(Q(EQ(StMStMa)Q(MaStStE)Q(StMaEE))EStSt)))B(MaMMaM)),15937.5
40,12212.66113,170.8678589,2969.5,1269.75,7.54,83.42,Q(B(MaMEMa)MaQ(Q(EEESt)MaMaQ(Q(EStQ(B(MaMMM)MStMa)Q(StMEQ(B(MaMEM)StME)))EStQ(Q(EQ(StMStMa)Q(B(MaMMM)StStE)Q(StMaEE))EStSt)))Ma),16012.5
41,11617.33887,164.0571442,2919,1246.25,7.97,94.88,Q(B(MaMEMa)MaQ(Q(MaEESt)MaMaQ(Q(EQ(StEStMa)Q(B(MaMMM)MStMa)Q(StMEE))EStQ(Q(EQ(StMStMa)StQ(StMaEE))EStSt)))B(MaMMaM)),15500
42,12308.46387,171.4821472,2925,1276.5,8.35,93.28,Q(EMaQ(Q(EStESt)EMaQ(Q(Q(MStEMa)Q(StStStMa)Q(B(MaMMM)StStE)Q(EMaEE))MStSt))E),15485.71387
43,12636.91113,176.2678528,3003.5,1324.25,8.9,97.03,Q(MEQ(Q(Q(EMaMSt)Q(Q(StStStE)EQ(MStEMa)E)Q(MaStMaQ(Q(StStStE)Q(Q(Q(EMaQ(MMMMa)St)MaMaQ(Q(B(MMaMM)EStSt)Q(B(MaMaEM)B(MEEM)B(MMEE)Ma)Q(MB(MMaMaM)StM)Q(StStB(EMaME)E)))MMaB(EMMMa))Q(MMMB(MEMaE))Q(B(MaMEM)B(EMaEM)ME)))Q(StStStE))MaB(EMMMa)Q(Q(Q(StStStE)EQ(MMMSt)Q(B(MaMEM)StME))MaMaM))E),15625
44,12822.96387,174.8821411,2801.5,1242.5,9.2,102.22,Q(EMaQ(Q(EStESt)MMaQ(Q(Q(MStEMa)Q(StStStMa)StQ(EMaEE))MStSt))E),16160.71387
45,11941.75,168.125,2917,1302.5,9.51,100.97,Q(EMaQ(Q(EStESt)MMaQ(Q(Q(MStEMa)Q(StStStMa)StQ(EMaEE))MStSt))E),16160.71387
46,12304.60742,172.6035767,2942,1342.5,9.98,105.91,Q(EMaQ(Q(MStESt)EMaQ(Q(StQ(StStStMa)EQ(EMaEE))MStSt))B(EMMaM)),16075
47,12683.64258,174.1714325,2822.5,1274,10.38,109.25,Q(B(MMMaMa)EQ(Q(Q(StMaMSt)Q(Q(StEStE)EQ(MStEMa)E)Q(MaStMaQ(Q(StStStE)Q(Q(Q(EMaESt)MaMaQ(Q(Q(MEStMa)Q(MMStMa)Q(B(MaMMM)StStE)St)MaStSt))MMaB(EMMM))Q(MMMSt)Q(B(MaMEM)StME)))Q(StStStE))MaB(EMMMa)Q(Q(Q(StStEE)EQ(MMMSt)Q(B(MaMEM)StME))MaMaM))E),15625
48,13231.125,182.4250031,2950,1374.25,10.8,104.73,Q(EMaQ(Q(EStEQ(EEStM))MMaQ(Q(Q(MStEMa)Q(Q(MMMSt)StStMa)Q(MStEE)Q(EMaEE))MStSt))E),15875
49,12155.25,176.25,3217.5,1501.5,10.84,105.36,Q(B(MMMaMa)EQ(Q(Q(StMaMSt)Q(Q(StEStE)EQ(MStEMa)E)Q(MaStMaQ(Q(StStStE)Q(Q(Q(Q(B(MaMaMaMa)B(MMaEE)MB(MaEME))Q(MaStMaE)Q(B(MaMME)MaStE)Q(EEStMa))MaMaQ(Q(Q(MEStMa)Q(MMStMa)Q(B(MaMMM)StStE)E)MaStSt))MMaB(EMMM))Q(MMMSt)Q(B(MaMEM)StME)))Q(StStStE))MaB(EMMMa)Q(Q(Q(StStEE)EQ(MMMSt)Q(B(MaMEM)StME))MaMaM))E),15625
50,11985.69629,168.2607117,2851,1326.25,10.74,104.74,Q(EMaQ(Q(EStEQ(EEStM))MMaQ(Q(StQ(Q(MMMM)StStMa)Q(B(MaMMM)StStE)Q(EMaEE))MStSt))E),15710.71387
51,12549.625,176.4250031,2995.5,1398.25,11.61,118.51,Q(B(MMaMaMa)EQ(Q(Q(StMaMSt)Q(Q(StEStE)EQ(MStEMa)E)Q(MaStMaQ(Q(StStStE)Q(Q(Q(EMaESt)MaMaQ(Q(Q(StEStMa)Q(MMStMa)Q(B(MaMMM)StStE)St)MaStSt))MMaB(EMMM))Q(MMMSt)Q(B(MaMEM)StStE)))Q(StMStE))MaB(EMMMa)Q(Q(Q(StStEE)EQ(MMMSt)Q(B(MaMEM)StME))MaMaM))E),15625
52,11321.46387,167.6821442,3194.5,1501.5,11.96,123.06,Q(B(MMMMa)EQ(Q(Q(StMaMSt)Q(Q(StEStE)EQ(MStEMa)E)Q(MaStMaQ(Q(StStStE)Q(Q(Q(EMaESt)MaMaQ(Q(Q(MEEMa)Q(StMStMa)Q(B(MaMMM)StStE)St)MaStSt))MB(MaMEM)B(MMMMa))Q(MMMMa)Q(B(MaMEM)StME)))Q(StStStE))MaB(EMMMa)Q(Q(Q(StStStE)EQ(MMMSt)Q(B(MaMEM)MME))MMaM))E),15662.5
53,12811.23242,179.2285767,2983.5,1418.75,11.74,119.45,Q(B(MMMMa)EQ(Q(Q(StMaMSt)Q(Q(StEStE)EQ(MStEMa)E)Q(MaStMaQ(Q(StStStE)Q(Q(Q(EMaESt)MaMaQ(Q(Q(MEEMa)Q(StMStMa)Q(B(MaMMM)StStE)St)MaStSt))MB(MaMEM)B(MMMMa))Q(MMMMa)Q(B(MaMEM)StME)))Q(StStStE))MaB(EMMMa)Q(Q(Q(StStStE)EQ(MMMSt)Q(B(MaMEM)MME))MMaM))E),15662.5
54,12736.14258,181.5714264,3150,1514,13.01,127.51,Q(B(MMMaMa)EQ(Q(Q(StMaMSt)Q(Q(StEStE)EESt)Q(MaMaMaQ(Q(StStStE)Q(Q(EMaMaQ(Q(Q(MEEMa)Q(StMStMa)Q(EStStE)St)MaStSt))MMaB(EMMMa))EQ(B(MaMEM)B(MMMaMa)ME)))Q(StStStE))EB(EMMMa)Q(Q(Q(StStStE)EQ(MMMSt)Q(B(MaMEM)StME))MaMaM))E),15675
55,12847.17871,181.3642883,3053.5,1490.5,13.3,133.17,Q(EMaQ(MMaMaQ(Q(Q(Q(Q(EEESt)MaMaQ(Q(MStQ(MaQ(EQ(EB(MMEMa)B(MaMEE)Ma)Q(EMMB(EEMaE))Q(StEB(EEEE)St))MaMa)Q(StMEE))EStB(MaMEM)))Q(Q(Q(B(MaMaEE)MMaM)Q(B(MaEEE)B(MMaEE)ME)Q(StEEE)Q(EEStB(MaMaMaMa)))MMaB(EMMMa))Q(StMStSt)Q(B(MaMEM)StME))Q(StStStMa)Q(MMStE)Q(StMaEMa))MaStSt))B(MaMMaM)),15700
56,12051.19629,174.0107117,3128,1481.25,12.32,128.39,Q(B(MMMaMa)EQ(Q(Q(StMaMSt)Q(Q(StEStE)EESt)Q(MaMaMaQ(Q(StStStE)Q(Q(EMaMaQ(Q(Q(MEEQ(Q(MStB(MaEEE)B(MaEMaM))Q(StStB(EEMaMa)E)Q(MStMM)Q(MStMB(MEEE))))Q(StMStMa)Q(MaStStE)St)MaStSt))MMaB(EMMMa))EQ(B(MaMEM)MaME)))Q(StStStE))EB(EMMMa)Q(Q(Q(StStStE)EQ(MMMSt)Q(B(MaMEM)StME))MaMaM))E),15625
57,13609.41113,185.4428558,2906.5,1352.25,12.04,125.54,Q(B(MMMaMa)EQ(Q(Q(EMaEB(EEMaE))Q(Q(StEStE)EQ(MStEMa)St)Q(StMaMQ(Q(StStStQ(Q(MEEMa)Q(StMStMa)Q(B(MaMMM)StStE)St))Q(Q(Q(EMaESt)MaMaQ(Q(Q(MEEMa)Q(StMMMa)Q(B(MaMMM)StStE)St)MaStSt))MMaB(EMMMa))EE))Q(StStStE))EB(EMEMa)Q(Q(Q(StStStE)EQ(MMMSt)Q(B(MaMEM)StME))MaMaM))E),15825
58,12878.83887,179.1321411,2947.5,1391.25,12.49,128.95,Q(B(MaMMMa)EQ(Q(Q(EMaMSt)Q(Q(StStEE)EQ(MStEMa)E)Q(MaStStQ(Q(StQ(MaMaMQ(B(MaMEE)Q(EMaMaE)Q(MaMStE)Q(MB(MMEE)ME)))StE)Q(MMMaB(EMMMa))Q(MMMB(MaMMaM))Q(B(MaMEM)StME)))Q(StStStE))MaB(EMMMa)Q(Q(Q(StStStE)EEQ(B(EMEM)StME))StMaM))E),15712.5
59,13170.875,177.2749939,2686.5,1246.75,12.94,137.42,Q(B(MaMMMa)EQ(Q(Q(EMaMSt)Q(Q(StStStE)EQ(MStEMa)E)Q(MaMMaQ(Q(StQ(MaMaMQ(B(MaMEE)Q(EMaMaE)Q(MaMaStE)Q(StB(MMEE)ME)))StE)Q(MMMaB(EMMMa))Q(MMMB(EEMaE))Q(B(MaMEM)StME)))Q(StStStE))MaB(EMMMa)Q(Q(Q(StMStE)EQ(MMMM)Q(B(MMEM)StME))StMaM))E),15750
60,13101.125,176.6750031,2676,1260.25,13.96,147.38,Q(B(MMMaMa)EQ(Q(Q(EMaEB(EMaMaE))Q(Q(StEStE)EQ(MStEMa)St)Q(StMaMQ(Q(StQ(StMaEE)StQ(Q(MEEMa)Q(StMStMa)Q(B(MaMMM)StStE)St))Q(Q(Q(EMaESt)MaMaQ(Q(Q(MEEMa)Q(Q(EEESt)MaMaQ(Q(EStQ(MaQ(EQ(EB(MMEM)B(MaEEE)Ma)Q(Q(Q(B(MaMaME)B(MaEEMa)StQ(Q(B(MMMM)EStB(MMaMaMa))Q(StEStMa)Q(EB(MMaMM)StE)Q(MMMMa)))Q(B(MaMMaM)MaMaM)Q(StStMMa)Q(EEStMa))MaMB(EEMaE))Q(StEB(MEMaE)St))StMa)Q(StMEE))EStQ(Q(EQ(StMaStM)Q(B(MaMMM)StME)Q(StMaEE))EESt)))Q(B(MaMMM)StStE)St)MaStSt))MMaB(EMMMa))EB(MaMEE)))Q(StStStE))EB(EMMMa)Q(Q(Q(StStStE)EQ(MMMSt)Q(B(MaMEM)StME))MaMaM))E),15812.5
61,12137.625,165.1000061,2581,1194.25,11.85,126.92,Q(B(MaMMMa)EQ(Q(Q(EMaMSt)Q(Q(StStEE)EQ(MStStMa)E)Q(MaStStQ(Q(StQ(MaMaMQ(B(MaMEE)Q(EMaMaE)MQ(MB(MMEE)ME)))StE)Q(MMMaB(EMMMa))Q(MMMB(MaMMaM))Q(B(MaMEM)StME)))Q(StStStE))MaB(EMMMa)Q(Q(Q(StStStE)EQ(MMMM)M)StMaM))E),16050
62,12404.58887,171.2321472,2748,1313.75,11.52,124.27,Q(B(MMMaMa)EQ(Q(Q(EMaEB(EMaMaE))Q(Q(StEStE)EQ(MStEMa)St)Q(StMaMQ(Q(StQ(StMaEE)StQ(Q(MEEMa)Q(StMStMa)Q(B(MaMMM)StStE)St))Q(Q(Q(EMaESt)MaMaQ(Q(Q(MEEMa)Q(Q(EEESt)MaMaQ(Q(EStQ(MaQ(EQ(EB(MMEM)B(MaEEE)Ma)Q(Q(Q(B(MaMaME)B(MaEEMa)StQ(Q(Q(EMaESt)EStB(MMaMaMa))Q(StEStMa)Q(EB(MMaMM)StE)Q(MMMMa)))Q(B(MaMMaM)MaMaM)Q(StStMMa)Q(EEStMa))MaMB(EEMaE))Q(StEB(MEMaE)St))StMa)Q(StMEE))EStQ(Q(EMQ(B(MaMMM)StME)Q(StMaEE))EESt)))Q(Q(Q(MEMSt)Q(MaMMM)Q(MB(MaMME)B(MMEM)M)Q(StMaStSt))StStE)St)MaStSt))MMaB(EMMMa))EB(MaMEE)))Q(StStStE))EB(EMMMa)Q(Q(Q(StStStE)EQ(MMMSt)Q(B(MaMEM)StME))MaMaM))E),15812.5
63,12632.92871,173.4142914,2743.5,1310,11.3,120.69,Q(B(MMMaMa)EQ(Q(Q(EMaEB(EMaMaE))Q(Q(StEStE)EQ(MStEMa)St)Q(StMaMQ(Q(StQ(StMaEE)StQ(Q(MEEMa)Q(StMStMa)Q(B(MaMMM)StStE)St))Q(Q(Q(EMaQ(Q(EMMaSt)Q(MaEMaSt)Q(EMaEM)Q(MStStB(EEMaE)))St)MaMaQ(Q(EQ(Q(EEESt)MaMaQ(Q(EStQ(MaQ(EQ(EB(MMEM)B(MaEEE)Ma)Q(Q(Q(B(MaMaME)B(MaEEMa)StQ(Q(Q(EMaESt)EStB(MMaMaMa))Q(StEStMa)Q(EB(MMaMM)StE)Q(MMMMa)))Q(B(MaMMaM)MaMaM)Q(StStMMa)Q(EEStMa))MaMB(EEMaE))Q(StEB(MEMaE)St))StMa)Q(StMEE))EStQ(Q(EMQ(B(MaMMM)StME)Q(StMaEE))EESt)))Q(Q(Q(MEMSt)Q(MaMMM)Q(MB(MaMME)B(MMEM)M)Q(StMaStSt))StStE)St)MaStSt))MMaB(EMMMa))EB(MaMEE)))Q(StStStE))EB(EMMMa)Q(Q(Q(StStStE)EQ(MMMSt)Q(B(MaMEM)StME))MaMaM))E),15812.5
64,11733.46387,168.0821381,2954.5,1413.5,11.39,124.51,Q(B(MaMMMa)EQ(Q(Q(EMaMSt)Q(Q(StStStE)EQ(MStEQ(Q(B(MaMMM)EMaMa)Q(StMaB(MMaME)B(EMME))Q(MaStB(EMaEE)St)Q(MB(EEMM)ESt)))E)Q(MaQ(Q(MaEMSt)Q(MaMMaM)Q(MMaB(MMEMa)E)Q(EMMMa))MaQ(Q(StQ(MaMaMQ(B(MaMEE)Q(EMaMaE)Q(MaMaStE)Q(StB(MMEE)MM)))StE)Q(MMQ(Q(EMMaB(EMaMMa))Q(MaB(MMMaMa)StM)Q(MaMB(MMaEE)E)Q(B(MMaMMa)Q(Q(EMaESt)MaMaQ(Q(Q(MEEMa)Q(StMMMa)Q(B(MaMMM)StStE)St)MaStSt))ESt))B(EMMMa))Q(MMMB(MEMaE))Q(B(MaMEM)StME)))Q(StStStE))MaB(EMME)Q(Q(Q(StStStE)EQ(MMMM)Q(B(MMEM)StME))StMaM))E),15737.5
65,12309.96387,170.9571381,2776.5,1339.5,11.57,124.75,Q(B(MaMMMa)EQ(Q(Q(EMaMSt)Q(Q(StStEE)EQ(MQ(Q(StEStE)EESt)EMa)E)Q(MaQ(Q(MEEB(EMaEMa))Q(MaMMaM)Q(B(MaMaMaE)EB(EMaEM)B(MaMaMaMa))Ma)MaQ(Q(StQ(MaMaMQ(B(MaMEM)Q(EMaME)Q(MaMaStE)Q(MB(MMEE)ME)))StE)Q(MMMaB(EMMMa))Q(MMMQ(StStStMa))Q(B(MaMEM)StME)))Q(StStStE))MaB(EMME)Q(Q(Q(StStStE)EQ(MMMM)Q(B(EMEM)StME))StMaM))E),15787.5
66,12111.30371,169.4892883,2804,1355.75,10.88,120.76,Q(Q(Q(MB(EMMMa)MaSt)Q(MaStEMa)Q(MaB(MEEE)MB(EEMMa))Q(MMStSt))EQ(Q(Q(StMaMSt)Q(Q(StEStE)MaESt)Q(StMaMaQ(Q(StStStE)Q(Q(EMaMaQ(Q(Q(MEEMa)MaQ(EStStE)Q(Q(MaB(MaMMaM)MaMa)Q(MMMaMa)Q(StStESt)Q(MEStSt)))MaStSt))MMaB(EMMaMa))EQ(B(MaMEM)StEE)))Q(StStEE))EB(EMMMa)Q(Q(Q(StStStE)EQ(MMESt)Q(B(MaMEM)StEE))MaMaM))E),15912.5
67,12100.35742,170.8285675,2884,1399,11.28,132.24,Q(Q(Q(MB(EMMMa)MaSt)Q(MaStEMa)Q(MaB(MEEE)MM)Q(MMStSt))EQ(Q(Q(StMaMSt)Q(Q(StEStE)MaESt)Q(StMaMaQ(Q(StStStE)Q(Q(EMaMaQ(Q(Q(MEEMa)MaQ(EStStE)Q(Q(MaB(MaMMaM)MaMa)Q(MMMaMa)Q(StStESt)Q(MEStSt)))MaStSt))MMaB(EMMaMa))EQ(B(MaMEM)StEE)))Q(StStEE))EB(EMMMa)Q(Q(Q(StStStE)EQ(MMESt)Q(B(MaMEM)StEE))MaMaM))E),15912.5
68,12483.91113,174.2928619,2860,1390.25,11.4,138.25,Q(EMaQ(StMaMaQ(Q(Q(Q(Q(EEB(MaEEM)St)MaMaQ(Q(EEQ(MaMaStMa)Q(StMESt))EStQ(Q(EQ(StMStM)Q(B(MaEMM)StME)Q(StMaMaE))StStQ(MEEMa))))Q(MMMaB(EMMMa))Q(MMStSt)Q(B(MaMEM)StME))Q(StStStMa)Q(MStStE)Q(StMaEE))MaStSt))B(MaMEM)),15825
69,12543.96387,174.2071381,2828.5,1365.5,11.59,146.2,Q(Q(Q(MB(EMMMa)MaSt)Q(MaStEMa)Q(MaB(MEEE)MB(EEMMa))Q(MMStE))EQ(Q(Q(StMaMSt)Q(Q(StEStE)MaMSt)Q(StMaMaQ(Q(StStStE)Q(Q(EMaMaQ(Q(Q(MEEMa)MaQ(EStStE)Q(StQ(MMMaMa)Q(StStESt)Q(MEStSt)))MaStSt))MMaB(EMMaMa))EQ(B(MaMEM)StEE)))Q(StEStE))EB(EMMMa)Q(Q(Q(StStStE)EQ(MMESt)Q(B(MaMEM)StEE))MaMaM))E),15912.5
70,13115.19629,175.9357147,2612,1244.25,11.88,174.45,Q(B(MaMMMa)EQ(Q(Q(EMaMSt)Q(Q(StStEE)EQ(MQ(Q(StEStE)Q(Q(StMMaMa)Q(MB(EMMMa)B(EEMaE)B(MEEM))Q(B(MEEE)MStMa)Q(EMMaMa))EQ(MaMaStMa))EMa)E)Q(MaQ(Q(MEEB(EMaEMa))Q(MaMMaM)Q(B(MaMaMaE)EB(EMaEM)B(MaMaMaMa))Ma)MaQ(Q(StQ(MaMaMQ(B(MaMEM)Q(EMaME)Q(MaMaStE)Q(MB(MMEE)ME)))StE)Q(MMMaB(EMMMa))Q(MMMQ(StStStMa))Q(B(MaMEM)StME)))Q(StStStE))MaB(EMME)Q(Q(Q(StStStE)EQ(MMMM)Q(B(EMEM)StME))StMaM))E),15787.5
71,12514.25,166.25,2397,1142.5,11.38,172.28,Q(B(MaMMMa)EQ(Q(Q(EMaQ(Q(StMaMMa)Q(Q(Q(EMaMSt)Q(B(MMEMa)StB(MaMEMa)B(MMMaE))Q(MMaMaB(MMMaMa))Q(MB(MaEMaM)ESt))MB(EMaEM)E)Q(EMMM)Q(B(EMaMaMa)MMSt))St)Q(Q(StStEE)EQ(MQ(Q(StEStE)EESt)EMa)E)Q(MaQ(Q(MEEB(EMaEMa))Q(MaMMaM)Q(B(MaMaMaE)EB(EMaEM)B(MaMaMaMa))Ma)MaQ(Q(StQ(MaMaMQ(B(MaMEM)Q(EMaME)Q(MaMaStE)Q(MB(MMEE)ME)))StE)Q(MMMaB(EMMMa))Q(MMMQ(StStStMa))Q(B(MaMEM)StME)))Q(StStStE))MaB(EMME)Q(Q(Q(StStStE)EQ(MMMM)Q(MStME))StMaM))E),15937.5
72,12795.80371,169.7392883,2434,1162.75,11.78,182.46,Q(B(MaMMMa)EQ(Q(Q(EMaQ(Q(StMaMMa)Q(Q(Q(EMaMSt)Q(B(MMEMa)StB(MaMEMa)B(MMMaE))Q(MMaMaB(MMMaMa))Q(MB(MaEMaM)ESt))MB(EMaEE)E)Q(EMMM)Q(B(EMaMaMa)MMSt))St)Q(Q(StStEE)EQ(MQ(Q(StEStE)EESt)EMa)E)Q(MaQ(Q(MEEB(EMaEMa))Q(MaMMaM)Q(B(MaMaMaE)EB(EMaEM)B(MaMaMaMa))Ma)MaQ(Q(StQ(MaMaMQ(B(MaMEM)Q(EMaME)Q(MaMaStE)Q(MB(MMEE)ME)))StE)Q(MMMaB(EMMMa))Q(MMMQ(StStStMa))Q(B(MaMEM)StME)))Q(StStStE))MaB(EMME)Q(Q(Q(StStStE)EQ(MMMM)Q(MStME))StMaM))E),15937.5
73,11837.83887,161.6071472,2537.5,1190.25,12.14,199.75,Q(B(MaMMMa)EQ(Q(Q(EMaMSt)Q(Q(StStStE)EQ(MStEQ(Q(MaEMaMa)Q(StMaB(MMaME)B(EMME))Q(MStB(EMaEE)St)Q(MB(EEME)ESt)))Q(MMMM))Q(MaQ(Q(MaEMSt)Q(MaMMaM)Q(MMaB(MMEMa)E)Q(EMMMa))MaQ(Q(StQ(MaMaMQ(B(MaMEE)Q(EMaMaE)StQ(StB(MMEE)ME)))StE)Q(MMQ(Q(EMMaB(EMaMMa))Q(MaB(MMMaMa)StM)Q(MaQ(Q(StMaStE)EQ(MMESt)Q(B(MaMEM)StEE))B(MaMaEE)E)Q(B(MMaMMa)Q(StStESt)ESt))B(EMMMa))Q(MMMB(MEMaE))Q(B(MaMEM)StME)))Q(StStStE))MaB(EMME)Q(Q(Q(StStStE)EQ(MMMM)Q(EStME))StMaM))E),15987.5
74,12819.42871,170.2392883,2469,1157,12.25,211.58,Q(B(MaMMMa)EQ(Q(Q(EMaMSt)Q(Q(StStStE)EQ(MStEQ(Q(B(MaMMM)EMaMa)Q(StMaB(MMaME)B(EMME))Q(MStB(EMaEE)St)Q(MB(EEMM)ESt)))E)Q(MaQ(Q(MaEMSt)Q(MaMMaM)Q(MMaB(MMEMa)E)Q(EQ(StEStE)MMa))MaQ(Q(StQ(MaMaMQ(B(MaMEE)Q(Q(Q(Q(EEESt)MaMaQ(Q(EEQ(MaMaStMa)Q(StMESt))EStQ(Q(EQ(StMStM)Q(B(MaEMM)StME)Q(StMaEE))Q(MaMaMQ(B(MaMEE)Q(Q(MaStMMa)MaEM)MQ(MB(MMEE)ME)))StQ(MEEMa))))Q(MMMaB(EMMMa))Q(MMStSt)Q(B(MaMEM)StME))Q(StStMaMa)Q(MStStE)Q(StMaEE))Q(Q(Q(StB(MaMaMaMa)MaM)Q(MStEB(EMEMa))Q(EEB(MaMMaE)St)Q(B(MMME)B(EEEMa)EE))MStE)Q(MB(MMEE)ME)))StE)Q(MMQ(Q(EMMaB(EMaMMa))Q(MaB(MMMaMa)StM)MQ(B(MMaMMa)Q(Q(EMaESt)MaMaQ(Q(Q(MEEMa)Q(MB(MMMaMa)StM)Q(B(MaMMM)StStE)St)MaStSt))ESt))B(EMMMa))Q(MMEB(MEMaE))Q(B(MaMEM)StME)))Q(StStStE))MaB(EMME)Q(Q(Q(StStStE)EQ(MEMM)St)StMaM))E),16087.5
75,12567.78613,169.0178528,2540,1196,12.29,215.46,Q(B(MaMMMa)EQ(Q(Q(EMaMSt)Q(Q(StStStE)EQ(MStEQ(Q(B(MaMMM)EMaMa)Q(StMaB(MMaME)B(EMME))Q(MStB(EMaEE)St)Q(MaB(EEMM)ESt)))Q(B(MaMEM)StME))Q(MaQ(Q(MaEMSt)Q(MaMMaM)Q(MMaB(MMEMa)E)Q(EMMMa))MaQ(Q(StQ(MaMaMQ(B(MaMEE)Q(EMaMaE)Q(StMaStE)Q(StB(MMEE)ME)))StE)Q(MMQ(Q(EMMaB(EMaMMa))Q(MaB(MMMaMa)StM)Q(MaMB(MaMaEE)E)Q(B(MMaMMa)Q(Q(EMaESt)EMaQ(Q(Q(MEEMa)Q(StMMMa)Q(B(MaMMM)StStE)St)MaQ(EStMaM)St))ESt))B(EMMMa))Q(MEMB(MEMaE))Q(B(MaMEM)StME)))Q(StStStE))MaB(EMME)Q(Q(Q(StStStE)EQ(MMMM)Q(B(MMEM)StME))MaMaM))E),15937.5
76,12488.03613,166.2428589,2430,1137.5,12.31,214.66,Q(B(MaMMMa)EQ(Q(Q(EMaMSt)Q(Q(StStStE)EQ(MStEQ(Q(B(MaMMM)EMaMa)Q(Q(EMMaB(EMaMMa))MaB(MMaME)B(EMME))Q(MStB(EMaEE)St)Q(MaB(EEMM)ESt)))Q(B(MaMEM)StME))Q(MaQ(Q(MaEMSt)Q(MaMMaM)Q(MMaB(MMEMa)E)Q(EMMMa))MaQ(Q(StQ(MaMaMQ(B(MaMEE)Q(EMaMaE)Q(StMaStE)Q(StB(MMEE)ME)))StE)Q(MMQ(Q(EMMaB(EMaMMa))Q(MaB(MMMaMa)StM)Q(MaMB(MaMaEE)E)Q(B(MMaMMa)Q(Q(EMaESt)EMaQ(Q(Q(MEEMa)Q(StMMMa)Q(B(MaMMM)StStE)St)MaQ(EStMaM)St))ESt))B(EMMMa))Q(MEMB(MEMaE))Q(B(MaMEM)StME)))Q(StStStE))MaB(EMME)Q(Q(Q(StStStE)EQ(MMMM)Q(B(MMEM)StME))MaMaM))E),15937.5
77,12369.08887,164.9571381,2417,1139.75,12.38,213.85,Q(B(MaMMMa)EQ(Q(Q(MaMaMSt)Q(Q(StStStE)EQ(MStEQ(Q(B(MaMMM)EMaMa)Q(StMaB(MMaEE)B(EMME))Q(MB(EEMM)B(EMaEE)St)Q(MB(EEMM)ESt)))E)Q(MaB(MMEM)MaQ(Q(StQ(MaMaMQ(B(MaMEE)Q(EMaMaE)StQ(StB(MMEE)ME)))StE)Q(MMQ(Q(EMMaB(EMaMMa))Q(MaB(MEMaMa)StM)Q(MaMB(MaMaEE)E)Q(B(MMaMMa)MESt))E)Q(MMMB(MEMaE))Q(B(MaMEM)StME)))Q(StStStE))MaB(EMME)Q(Q(Q(StStStE)EQ(MEMM)Q(B(MMEM)StME))StEM))E),15925
78,12668.26758,168.9964294,2485,1164.25,11.91,208.63,Q(B(MaMMMa)EQ(Q(Q(EMaMSt)Q(Q(StStStE)EQ(MStEQ(Q(B(MaMMM)EMaMa)Q(StMaB(MMaME)B(EMME))Q(MStQ(StMaMSt)St)Q(MB(EEMM)ESt)))Q(MMMM))Q(MaQ(Q(MaEMSt)Q(MaMMaM)Q(MMaB(MMEMa)E)Q(EMMMa))MaQ(Q(StQ(MaMaMQ(B(MaMEE)Q(EMaMaQ(MStB(EMaEE)St))StQ(Q(EMaMSt)B(MMEE)ME)))StE)Q(MMQ(Q(EMMaB(EMaMMa))Q(MaB(MMMaMa)StM)Q(MaMB(MaMaEE)E)Q(EQ(Q(EMaESt)MaStQ(Q(Q(MEEMa)MQ(B(MaMMM)StStE)St)MaStSt))ESt))B(EMMMa))Q(EMMB(MEMaE))Q(B(MaMEM)StME)))Q(StStStE))MaB(EMME)Q(Q(Q(StStStE)EQ(MMMM)Q(B(MMEM)StME))EMaM))E),16075
79,13056.42871,171.7892914,2408,1143,12.35,223.7,Q(B(MaMMMa)EQ(Q(Q(Q(B(MaMMaE)StEB(MMaMaM))Q(MaEMSt)Q(EStMM)Q(EMaME))Q(Q(StStStE)EQ(MStEQ(Q(B(MaMMM)EMaMa)Q(StMaB(MMaEE)B(EMME))Q(MB(EEMM)B(EMaEE)E)Q(MB(EEMM)ESt)))E)Q(MaB(MMEM)MaQ(Q(StQ(MaMaMQ(Q(MStStMa)Q(EMaMaE)StQ(StB(MMEE)ME)))StE)Q(MMQ(Q(EMMaB(EMaMMa))Q(MaB(MEMaMa)StM)Q(MaMB(MaMaEE)E)Q(B(MMaMMa)MESt))E)Q(MMMB(MEMaE))Q(B(MaMEM)StME)))Q(StStStE))MaB(EMME)Q(Q(Q(StStStE)EQ(MEMM)Q(B(MMEM)StME))StEM))E),15925
80,13506.875,177.3999939,2477,1170.75,12.41,223.04,Q(B(MaMMMa)EQ(Q(Q(EMaQ(Q(StB(EMEE)MMa)Q(MaMB(EMaEM)E)Q(EMMQ(Q(B(MMaEMa)MStSt)Q(MB(MEEE)ME)Q(B(EEEM)B(MaEMaE)MaB(MaEMaM))Q(B(MMaEM)StMM)))Q(B(EMaMaMa)MMSt))St)Q(B(EMMMa)EQ(MQ(Q(StEStE)EQ(EStStE)St)EMa)E)Q(MaQ(Q(MEMB(EMaEMa))Q(MaMMaM)Q(B(MaMaMaE)EB(EMaEM)B(MaMaMaMa))Ma)MaQ(MaQ(MStMaB(EMMMa))Q(MMMQ(StStStMa))Q(B(MaMEM)StME)))Q(StStStE))MB(EMME)Q(Q(Q(StStStE)EQ(MMMM)Q(B(EMEM)StME))StMaM))E),15875
81,11745.80371,159.0142822,2429.5,1150.75,11.76,210.93,Q(B(MaMMMa)EQ(Q(Q(EMaMSt)Q(Q(StStEE)EQ(MQ(Q(StEStE)Q(Q(StMMaMa)Q(MB(EMMMa)B(EEMaE)B(MEEM))Q(B(MEEE)MQ(Q(MStStMa)EQ(StMaB(EEMM)M)Q(StMMaM))Ma)Q(EMMaMa))EQ(MaMaStMa))EMa)E)Q(MaQ(Q(MEEB(EMaEMa))Q(MaMMaM)Q(B(MaMaMaE)EB(EMaEM)Ma)Ma)MaQ(Q(MQ(MaMaMQ(B(MaMEM)Q(EMaME)Q(MaMaStE)Q(MB(MMEE)ME)))StE)Q(MMMaB(EMMMa))Q(MMMQ(StStStM))Q(B(MaMEM)StME)))Q(StStStE))MaB(EMME)Q(Q(Q(StMaStE)EQ(MMMM)Q(B(EMEM)StME))StMaM))E),15987.5
82,12218.10742,164.1535645,2455,1161.5,12.1,222.63,Q(B(MaMMMa)EQ(Q(Q(EMaMSt)Q(Q(StStEQ(Q(EB(MEMMa)EE)Q(B(MMaEE)MaMB(EMMaM))Q(StB(MaMEMa)B(EEMaM)M)Q(EEMaE)))EQ(MQ(Q(StEStE)Q(Q(StMMaMa)Q(MB(EMMMa)B(EEMaE)B(MEEM))Q(B(MEEE)MQ(Q(MStStMa)Q(B(MaMaME)EB(EMaMaE)M)Q(StMaB(EEMM)M)Q(StMMaM))Ma)Q(EMMaMa))EQ(MaMaStSt))EMa)E)Q(MaQ(Q(MEEB(EMaEMa))Q(MaMMaM)Q(B(MaMaMaE)EB(EMaEM)Ma)Ma)MaQ(Q(MQ(MaMaMQ(B(MaMEM)Q(EMaME)Q(MaMaStE)Q(MB(MMEE)ME)))StE)Q(MMMaB(EMMMa))MQ(B(MaMEM)StME)))Q(StStStE))MaB(EMME)Q(Q(Q(StStStE)EMQ(B(EMEM)StME))StMaM))E),15937.5
83,11989.23242,161.9535675,2457.5,1165.75,12.5,223.02,Q(B(MaMMMa)EQ(Q(Q(EMaMSt)Q(Q(StStEQ(Q(EB(MEMMa)EE)Q(B(MMaEE)MaMB(EMMaM))Q(StB(MaMEMa)B(EEMaM)M)Q(EEMaE)))EQ(MQ(Q(StEStE)Q(Q(StMMaMa)Q(MB(EMMMa)B(EEMaE)B(MEEM))Q(B(MEEE)MQ(Q(MStStMa)Q(B(MaMaME)EB(EMaMaE)M)Q(StMaB(EEMM)M)Q(StMMaM))Ma)Q(EMMaMa))EQ(MaMaStSt))EMa)E)Q(MaQ(Q(MEEB(EMaEMa))Q(MaMMaM)Q(B(MaMaMaE)EB(EMaEM)Ma)Ma)MaQ(Q(MQ(MaMaMQ(B(MaMEM)Q(EMaME)Q(MaMaStE)Q(MB(MMEE)ME)))StE)Q(MMMaB(EMMMa))MQ(B(MaMEM)StME)))Q(StStStE))MaB(EMME)Q(Q(Q(StStStE)EMQ(B(EMEM)StME))StMaM))E),15937.5
84,12260.51758,165.7714233,2518.5,1198.75,13.52,244.43,Q(B(MaMMMa)EQ(Q(Q(EMaMSt)Q(Q(StStEQ(Q(EB(MEMMa)EE)Q(B(MMaEE)MaMB(EMMaM))EQ(EEMaE)))EQ(MQ(Q(StEStE)Q(Q(StMMaMa)Q(MB(EMMMa)B(EEMaE)B(MEEM))Q(B(MEEE)MQ(Q(MStStMa)Q(B(MaMaME)EB(EMaMaE)M)Q(StMaB(EEMM)M)Q(StMMaM))Ma)Q(EMMaMa))EQ(MaMaStSt))EMa)E)Q(MaQ(Q(MEEB(EMaEMa))Q(MaMMaM)Q(B(MaMaMaE)EB(EMaEM)Ma)Ma)MaQ(Q(MQ(MaMaMQ(B(MaMEM)Q(EMaME)Q(MaMaStE)Q(MB(MMEE)ME)))StE)Q(MMMaB(EMMMa))MQ(B(MaMEM)StME)))Q(StStStE))MaB(EMME)Q(Q(Q(StStStE)EMQ(B(EMEM)StME))StMaM))E),15937.5
85,12277.69629,164.4607086,2425,1162.25,13.97,255.48,Q(MEQ(Q(Q(EMaMSt)Q(Q(StMaEE)EQ(MQ(Q(StEStE)Q(Q(StMMaMa)Q(MB(EMMMa)B(EEMaE)B(MEEM))Q(B(MEEE)MQ(Q(MStStMa)Q(B(MaMaME)EB(EMaMaE)M)Q(StMaB(EEMM)M)Q(StMMaM))Ma)Q(EMMaMa))EQ(MaMaStMa))EMa)E)Q(MaQ(Q(MEEB(EMaEMa))Q(Q(StMStMa)Q(StB(EEMaMa)B(EEEM)E)Q(EB(EMaMMa)B(MMaMM)M)Q(EB(EEMaMa)EE))Q(B(MaMaMaE)Q(B(MaMMM)StStE)B(EMaEM)Q(Q(Q(EMaMSt)Q(Q(StStStE)EQ(MStESt)E)Q(MaQ(Q(MaEMSt)Q(MaMMaM)Q(MMaB(MMEMa)E)Q(EMMMa))MaQ(Q(StQ(MaB(EMME)MQ(B(MaMEE)Q(EMaMaE)Q(StMaStE)Q(StB(MMEE)ME)))StE)Q(MMQ(Q(EMMaE)Q(MaB(MMMaMa)StM)Q(MaMB(MaMaEE)E)Q(B(MMaMMa)Q(Q(MMaESt)MaMaQ(Q(Q(MMEMa)Q(StMME)Q(B(MaMMM)StStE)St)MaStSt))ESt))B(EMMMa))Q(MMMB(MEMaE))Q(B(MaMEM)MME)))Q(StStStE))MaB(EMME)Q(Q(Q(StStStE)EQ(MMMM)Q(B(MMEM)MME))StMaM)))Ma)MaQ(Q(MQ(MaMaMQ(B(MaMEM)Q(EMaME)Q(MaMaStE)Ma))StE)Q(MMMaB(EMMMa))Q(MMMQ(StStStMa))Q(B(MaMEM)StME)))Q(StStStE))MaB(EMEE)Q(Q(Q(StStStE)EQ(MMMM)Q(B(EMEM)StME))StMaM))E),15887.5
86,13859.48242,180.5785675,2440,1172.25,13.72,250.1,Q(MEQ(Q(Q(EMaMSt)Q(Q(StMaEE)EQ(MQ(Q(StEStE)Q(Q(StMMaMa)Q(MB(EMMMa)B(EEMaE)B(MEEM))Q(B(MEEE)MQ(Q(MStStMa)Q(B(MaMaME)EB(EMaMaE)M)Q(StMaB(EEMM)M)Q(StMMaM))Ma)Q(EMMaMa))EQ(MaMaStMa))EMa)E)Q(MaQ(Q(MEEB(EMaEMa))Q(Q(StMStMa)Q(StB(EEMaMa)B(EEEM)E)Q(EB(EMaMMa)B(MMaMM)M)Q(EB(EEMaMa)EE))Q(B(MaMaMaE)Q(B(MaMMM)StStE)B(EMaEM)Q(Q(Q(EMaMSt)Q(Q(StStStE)EQ(MStESt)E)Q(MaQ(Q(MaEMSt)Q(MaMMaM)Q(MMaB(MMEMa)E)Q(EMMMa))MaQ(Q(StQ(MaB(EMME)MQ(B(MaMEE)Q(EMaMaE)Q(StMaStE)Q(StB(MMEE)ME)))StE)Q(MMQ(Q(EMMaE)Q(MaB(MMMaMa)StM)Q(MaMB(MaMaEE)E)Q(B(MMaMMa)Q(Q(EMaESt)MaMaQ(Q(Q(MMEMa)Q(StMME)Q(B(MaMMM)StStE)St)MaStSt))ESt))B(EMMMa))Q(MMMB(MEMaE))Q(B(MaMEM)MME)))Q(StStStE))MaB(EMME)Q(Q(Q(StStStE)EQ(MMMM)Q(MMME))StMaM)))Ma)MaQ(Q(MQ(MaMaMQ(B(MaMEM)Q(EMaME)Q(MaMaStE)Ma))StE)Q(MMMaB(EMMMa))Q(MMMQ(StStStMa))Q(B(MaMEM)StME)))Q(StStStE))MaB(EMEE)Q(Q(Q(StStStE)EQ(MMMM)Q(B(EMEM)StME))StMaM))E),15887.5
87,13386.19629,175.7607117,2436,1169.25,14.7,271.29,Q(B(MaMMMa)EQ(Q(Q(EMaMSt)Q(Q(StStEE)EQ(Q(MaMaStB(EEEM))Q(MMMMa)Q(MMB(MaMEMa)Ma)Q(B(MaMaMaE)MaESt))E)Q(MaQ(Q(MEEB(EMaEMa))Q(MaMMaM)Q(B(MaEMaE)EB(EMaEM)Ma)Ma)MaQ(Q(MQ(MaMaMQ(B(MaMEM)Q(EMaME)Q(MaMaStE)E))StE)Q(MMMaB(EMMMa))MQ(B(MaMEM)StME)))Q(StStStE))MaB(EMME)Q(Q(Q(StStStE)EQ(MMMM)Q(EStME))StMaM))E),15987.5
88,13138.14258,173.1214294,2426.5,1165,15.12,283.3,Q(B(MaMMM)EQ(Q(Q(EMaMaSt)Q(Q(StStStE)EQ(MStEQ(Q(B(MaMMM)EMaMa)Q(StMaMaB(EMME))Q(MStB(EMaEE)St)Q(MB(EEMMa)ESt)))Q(MMEM))Q(MaQ(Q(MaEMSt)Q(MaMMaM)Q(MMaB(MMEMa)E)Q(EMMMa))MaQ(Q(StQ(MaMaMQ(B(MaMEE)Q(EMaMaQ(Q(Q(EEB(MaMaMaE)Q(Q(StMStB(EEMaM))Q(B(MMMMa)StStMa)Q(MaStMaB(EMaMaMa))Q(MQ(Q(MEStE)Q(MB(EMaMaE)B(EMEMa)Ma)Q(StB(EMEMa)MaM)Q(MQ(EMMMa)MMa))MMa)))Q(MB(EMMMa)EMa)Q(MaB(MaMMaMa)B(MaMMaM)Ma)Q(MaEMB(MaMaMMa)))StB(EMaEE)St))StQ(StB(MMEE)ME)))StE)Q(MMQ(Q(EMMaB(EMaMMa))Q(MaB(MMMaM)StM)Q(MaMME)M)B(EMMMa))Q(MMMB(MEMaE))Q(B(MaMEM)StME)))Q(StStStE))MaB(EMME)Q(Q(Q(StStStE)EMQ(B(MMEM)StME))StMaM))E),15887.5
89,13252,175.5,2498,1200,14.5,265.85,Q(MEQ(Q(Q(EMaMSt)Q(Q(StMaEE)EQ(MQ(Q(StEStE)Q(Q(StMMaMa)Q(MB(EMMMa)B(EEMaE)B(MEEM))Q(B(MEEE)MQ(Q(MStStMa)Q(B(MaMaME)EB(EMaMaE)M)Q(StMaB(EEMM)M)Q(StMMaM))Ma)Q(EMMaMa))EQ(MaMaStMa))EMa)E)Q(MaQ(Q(MEEB(EMEMa))Q(Q(StMStMa)Q(StB(EEMaMa)B(EEEM)E)Q(EB(EMaMMa)B(MMaMM)M)Q(EB(EEMaMa)EE))Q(B(MaMaMaE)Q(B(MaMMM)StStE)B(EMaEM)Q(Q(Q(EMaMSt)Q(Q(StStStE)EQ(MStESt)E)Q(MaQ(Q(MaEMSt)Q(MaMMaM)Q(MMaB(MMEMa)E)Q(EMMMa))MaQ(Q(StQ(MaB(EMME)MQ(B(MaMEE)Q(EMaMaE)Q(StMaStE)Q(StB(MMEE)ME)))StE)Q(MMQ(Q(EMMaE)Q(MaB(MMMaMa)StM)Q(MaMB(MaMaEE)E)Q(B(MMaMMa)Q(Q(MMaESt)MaMaQ(Q(Q(MMEMa)Q(StEME)Q(B(MaMMM)StStE)St)MaStSt))ESt))B(EMMMa))Q(MMMB(MEMaE))Q(B(MaMEM)MME)))Q(StStStE))MaB(EMME)Q(Q(Q(StStStE)EQ(MMMM)Q(B(MMEM)MME))StMaM)))Ma)MaQ(Q(MQ(MaMaMQ(B(MaMEM)Q(EMaME)Q(MaMaStE)Ma))StE)Q(MMMaB(EMMMa))Q(MMMQ(StStStMa))Q(B(MaMEM)StME)))Q(StStStE))MaB(EMEE)Q(Q(Q(StStStE)EQ(MMMM)Q(B(EMEM)StME))StMaM))E),15887.5
90,12096.71387,162.4071503,2411.5,1155,13.23,226.46,Q(B(MaMMM)EQ(Q(Q(EMaMaSt)Q(Q(StStStE)EQ(MStEQ(Q(B(MaMMM)EMaMa)Q(StMaMaB(EMME))Q(MStB(EMaEE)St)Q(MB(EEMMa)ESt)))Q(MMMM))Q(MaQ(Q(MaEMSt)Q(MaMMaM)Q(MMaB(MMEMa)E)Q(EMMMa))MaQ(Q(StQ(MaMaMQ(B(MaMEE)Q(EMaMaQ(Q(Q(EEB(MaMaMaE)Q(Q(StMStB(EEMaM))Q(B(MMMMa)StStMa)Q(MaStMaB(EMaMaMa))Q(MQ(Q(MEStE)Q(MB(EMaMaE)B(EMEMa)Ma)Q(StQ(B(MaMaMaE)EB(EMaEM)Ma)MaM)Q(MQ(EMMMa)MMa))MMa)))Q(MB(EMMMa)EMa)Q(MaB(MaMMaMa)B(MaMMaM)Ma)Q(MaEMB(MaMaMMa)))StB(EMaEE)St))StQ(StB(MMEE)ME)))StE)Q(MMQ(Q(EMMaB(EMaMMa))Q(MaB(MMMaM)StM)Q(MaMME)Q(B(MMaMMa)Q(Q(EMaESt)MaStQ(Q(Q(MEQ(Q(EStStMa)MaQ(MaMaEB(EMaEE))Q(StStMB(MMEMa)))Ma)Q(StMStMa)Q(B(MaMMM)StME)St)MaMSt))ESt))B(EMMMa))Q(MMaMB(MEMaE))Q(B(MaMEM)StME)))Q(StStStE))MaB(EMEE)Q(Q(Q(StStStE)EQ(MMME)Q(B(MMEM)StME))StMaM))E),15887.5
91,12383.44629,164.6857147,2380,1136.75,13.34,239.92,Q(MEQ(Q(Q(EMaMSt)Q(Q(StMaEE)EQ(MQ(Q(StEStE)Q(Q(StMMaMa)Q(MB(EMMMa)B(EEMaE)B(MEEM))Q(B(MEEE)MQ(Q(MStStMa)Q(B(MaMaME)EB(EMaMaE)M)Q(StMaB(EEMM)M)Q(StMMaM))Ma)Q(EMMaMa))EQ(MaMaStMa))EMa)E)Q(MaQ(Q(MEEB(EMaEMa))EQ(B(MaMaMaE)Q(B(MaMMM)StStE)B(EMaEM)Q(Q(MB(EMMMa)B(EEMaE)B(MEEM))MaB(EMME)Q(Q(Q(StStStE)EQ(MMMM)Q(MMME))MStM)))Ma)MaQ(Q(MQ(MaMaMQ(B(MaMEM)Q(EMaME)Q(MaMaStE)Ma))StE)Q(MMMaB(EMMMa))Q(MMMQ(StStStMa))Q(B(MaMEM)StME)))Q(StStStE))MaB(EMEE)Q(Q(Q(StStStE)EQ(MMMM)Q(B(EMEM)StME))StMaM))E),15887.5
92,13163.07129,173.1607208,2416,1158,13.7,252.5,Q(MEQ(Q(Q(EMaMSt)Q(Q(StMaEE)EQ(MQ(Q(StEStE)Q(Q(StMMaMa)Q(MB(EMMMa)B(EEMaE)B(MEEM))Q(B(MEEE)MQ(Q(MStStMa)Q(B(MaMaME)EB(EMaMaE)M)Q(StMaB(EEMM)M)Q(StMMaM))Ma)Q(EMMaMa))EQ(MaMaStMa))EMa)E)Q(MaQ(Q(MEEB(EMaEMa))EQ(B(MaMaMaE)Q(B(MaMMM)StStE)B(EMaEM)Q(Q(Q(EMaMSt)Q(Q(StStStE)EQ(MStESt)E)Q(MaQ(Q(MaEMSt)Q(MaMMaM)Q(MMaB(MMEMa)E)Q(EMMMa))MaQ(Q(StQ(MaB(EMME)MQ(B(MaMEE)Q(EMaMaE)Q(StMaStE)Q(StB(MMEE)ME)))StE)Q(MMQ(Q(EMMaQ(Q(MEMaSt)Q(StMMaMa)Q(MB(MaMMaMa)StB(MaMaMMa))Q(B(EMaMMa)StB(MMMaMa)E)))Q(MaB(MMMaMa)StM)Q(MaMB(MaMaEE)E)Q(B(MMaMMa)Q(Q(EMaESt)MaMaQ(Q(Q(MMEMa)Q(StMME)Q(B(MaMMM)StB(EMaEE)E)St)MaStSt))ESt))B(EMMMa))Q(MMMB(MEMaE))Q(B(MaMEM)MME)))Q(StStStM))MaB(EMME)Q(Q(Q(StStStE)EQ(MMMM)Q(MMME))MMaM)))Ma)MaQ(Q(MQ(MaEMQ(B(MaMEM)Q(EMaME)Q(MaMaStE)Ma))StE)Q(MMMaB(EMMMa))Q(MMMQ(StStStMa))Q(B(MaMEM)StME)))Q(StStStE))MaB(EMEE)Q(Q(Q(StStStE)EQ(MMMM)Q(B(EMEM)StME))StMaM))E),15887.5
93,12468.17871,167.0392914,2462,1182.5,13.38,240.74,Q(B(MaMMMa)EQ(Q(Q(EMaMSt)Q(Q(StStEE)EQ(Q(MaMaStM)Q(MMMMa)Q(MMB(MaMEMa)Ma)Q(B(MaMaMaE)MaESt))E)Q(MaQ(Q(MEEB(EMaEMa))Q(MaMMaM)Q(B(MaEMaE)Q(Q(EMaEE)Q(EMaME)Q(B(MMaMM)MESt)Q(B(MaEEE)Q(Q(B(MaMME)B(EMaMaE)ME)Q(EMaMaQ(Q(Q(EEB(MaMaMaE)Q(Q(StMStB(EEMaM))Q(B(MMMMa)StStMa)Q(MaStMaB(EMaMaMa))Q(MMaMMa)))Q(MB(EMMMa)EMa)Q(MaB(MaMMaMa)B(MaMMaM)Ma)Q(MaEMB(MaMMMa)))StB(EMaEE)St))Q(MMaStM)Q(B(EEMMa)EStM))StSt))B(EMaEM)Ma)Ma)MaQ(Q(MQ(MaMaMQ(B(MaMEM)StQ(MaMaStE)E))StE)Q(MMEB(EMMMa))MQ(B(MaMEM)StMQ(Q(B(MEMaE)MaMMa)Q(MaB(EMMaMa)StMa)Q(B(MaMaMMa)MEMa)Q(B(MaMaMaMa)EMM)))))Q(StStStE))MaB(EMME)Q(Q(Q(StStStE)EQ(MMMM)Q(B(EMEM)StME))StMaM))E),15987.5
94,11854.76758,159.3964233,2380.5,1136.25,13.46,245.78,Q(MEQ(Q(Q(EMaMSt)Q(Q(StMaEE)EQ(MQ(Q(StEStE)Q(Q(StMMaMa)Q(MB(EMMMa)B(EEMaE)B(MEEM))Q(MMQ(Q(MStStMa)Q(B(MaMaME)EB(EMaMaE)M)Q(StMaB(EEMM)M)Q(StMMaM))Ma)Q(EMMaMa))EQ(MaMaStMa))EMa)E)Q(MaQ(Q(MEEB(EMaEMa))EQ(B(MaMaMaE)Q(B(MaMMM)StStE)B(EMaEM)E)Ma)MaQ(Q(MQ(MaMaMQ(B(MaMEM)Q(EMaME)Q(MaMaStE)Ma))StE)Q(MMMaB(EMMMa))Q(MMMQ(StStStMa))Q(B(MaMEM)StME)))Q(StStStE))MB(EMEE)Q(Q(Q(StStStE)EQ(MMMM)Q(B(EMEM)StME))StMaM))E),15975
95,12085.53613,163.6678619,2500,1187.5,14.08,274.74,Q(MEQ(Q(Q(EMaMSt)Q(Q(StMaEE)EQ(MQ(Q(StEStE)Q(Q(StMMaMa)Q(MB(EMMMa)B(EEMaE)B(MEEM))Q(MMQ(Q(MStStMa)Q(B(MaMaME)EB(EMaMaE)M)Q(StMaB(EEMM)M)Q(StMMaM))Ma)Q(Q(MaB(MaMEMa)B(MaMMaM)Ma)MMaMa))EQ(MaMaStMa))EMa)E)Q(MaQ(Q(MEEB(EMaEMa))EQ(B(MaMaMaE)Q(B(MaMMM)StStE)B(EMaEM)E)Ma)MaQ(Q(MQ(MaMaMQ(B(MaMEM)Q(EMaME)Q(MaMaStE)Ma))StE)Q(MMMaB(EMMMa))Q(MMMQ(StStStMa))Q(B(MaMEM)StME)))Q(StStStE))MB(EMEE)Q(Q(Q(StStStE)EQ(MMMM)Q(B(EMEM)StME))StMaM))E),15975
96,13513.21387,177.1321411,2460,1160,14.35,285.45,Q(B(MaMMMa)EQ(Q(Q(EMaMSt)Q(Q(StStEE)EQ(MQ(Q(StEStE)Q(Q(StStMaMa)Q(MB(EMMMa)B(EEMaE)B(MEEM))Q(B(MMEMa)MQ(Q(MStEMa)Q(B(MaMaME)EB(EMaMaE)M)Q(StMaB(EEEM)M)E)Ma)Q(EMMaMa))EQ(MaEStMa))EMa)E)Q(MaQ(Q(MEEB(EMaEMa))Q(MaMMaM)MMa)MaQ(Q(MQ(MaMaMQ(B(MaMEMa)Q(EMaME)Q(MaMaStE)Q(MB(MMEE)ME)))StE)Q(MMMaB(EMMMa))MQ(B(MaMEM)StME)))Q(StStStE))MaB(EMME)Q(Q(Q(StStStE)EQ(MMMM)Q(EStME))StMaM))E),15987.5
97,13353.66113,174.8178558,2400.5,1151.75,14.99,317.67,Q(B(MaMMMa)EQ(Q(Q(EMaMSt)Q(Q(StStEE)EQ(MQ(Q(StEStE)Q(Q(StStMaMa)Q(MB(EMMMa)B(EEMaE)B(MEEM))Q(B(MMEMa)MQ(Q(MStEMa)Q(B(MaMaME)EB(EMaMaE)M)Q(StMaB(EEEM)M)E)Ma)Q(EMMaMa))EQ(MaEStMa))EMa)E)Q(MaQ(Q(MEEB(EMaEMa))Q(MaMMaM)MMa)MaQ(Q(MQ(MaMaMQ(B(MaMEMa)Q(EMaME)Q(MaMaStE)Q(MB(MMEE)ME)))StE)Q(MMMaB(EMMMa))MQ(B(MaMEM)StME)))Q(StStStE))MaB(EMME)Q(Q(Q(StStStE)EQ(MMMM)Q(EStME))StMaM))E),15987.5
98,12990.16113,170.7428589,2376,1138.75,14.59,299.71,Q(B(MaMMMa)EQ(Q(Q(EMaMSt)Q(Q(StStEE)EQ(MQ(Q(StEStE)Q(Q(StStMaMa)Q(MB(EMMMa)B(EEMaE)B(MEEM))Q(B(MMEMa)MQ(Q(MStEMa)Q(B(MaMaME)EB(EMaMaE)M)Q(StMaB(EEEM)M)E)Ma)Q(EMMaMa))EQ(MaEStMa))EMa)E)Q(MaQ(Q(MEEB(EMaEMa))Q(MaMMaM)MMa)MaQ(Q(MEStE)Q(MMMaB(EMMMa))MQ(B(MaMEM)StME)))Q(StStStE))MaB(EMME)Q(Q(Q(StStStE)EQ(MMMM)Q(EStME))StMaE))E),16037.5
99,13095.58887,171.8071442,2378.5,1137.75,14.7,299.32,Q(B(MaMMMa)EQ(Q(Q(EMaMSt)Q(Q(StStEE)EQ(MQ(Q(StEStE)Q(Q(StStMaMa)Q(MB(EMMMa)B(EEMaE)B(MEEM))Q(B(MMEMa)MQ(Q(MStEMa)Q(B(MaMaME)EB(EMaMaE)M)Q(StMaB(EEEM)M)E)Ma)Q(EMMaMa))EQ(MaEStMa))EMa)E)Q(MaQ(Q(MEEB(EMaEMa))Q(MaMMaM)MMa)MaQ(Q(MEStE)Q(MMMaB(EMMMa))MQ(B(MaMEM)StME)))Q(StStStE))MaB(EMME)Q(Q(Q(StStStE)EQ(MMMM)Q(EStME))StMaE))E),16037.5
100,12819.35742,169.7535706,2404,1168,13.91,250.3,Q(B(MaMMMa)EQ(Q(Q(EMaMSt)Q(Q(StStEE)EQ(MQ(Q(StEStE)Q(Q(StStMaMa)Q(MB(EMMMa)B(EEMaE)B(MEEM))Q(B(MMEMa)MQ(Q(MStEMa)Q(B(MaMaME)EB(EMaMaE)M)Q(StMaB(EEEM)M)E)Ma)Q(EMMaMa))EQ(MaEB(EMaMMa)Ma))EMa)E)Q(MaQ(Q(B(MaMaMMa)EB(MaMaMMa)B(EMaEMa))Q(MaMMaM)MMa)MaQ(Q(MEStE)Q(MMMaB(EMMMa))MQ(B(MaMEM)StME)))Q(StStStE))MaB(EMME)Q(Q(Q(StStStE)EQ(MMMM)Q(EStME))StMaM))E),15987.5
101,11940.76758,158.7964325,2279.5,1106.25,13.68,229.76,Q(B(MaMMMa)EQ(Q(Q(EMaMSt)Q(Q(StStEE)EQ(MQ(Q(StEStE)Q(Q(StStMaMa)Q(MB(EMMMa)B(EEMaE)B(MEEM))Q(B(MMEMa)MQ(Q(MStEMa)Q(B(MaMaME)EB(EMaMaE)M)Q(StQ(Q(EEB(EMEM)E)Q(EStStSt)Q(StB(MaMaEE)B(EEMaE)E)Q(EMaEE))B(EEEM)M)E)Ma)Q(EMMaMa))EQ(MaEStMa))EMa)E)Q(MaQ(Q(MEB(MaMaMMa)B(EMaEMa))Q(MaMMaM)MMa)MaQ(Q(MEStE)Q(MMMaB(EMMMa))MQ(B(MaMEM)StME)))Q(StStStE))MaB(EMME)Q(Q(Q(StStStE)EQ(MMMM)Q(EStME))StMaM))E),15987.5
102,12753.10742,168.9535675,2397,1163.5,14.83,265.99,Q(B(MaMMMa)EQ(Q(Q(EMaMSt)Q(Q(StStEE)EQ(MQ(Q(StEStE)Q(Q(StStMaMa)Q(MB(EMMMa)B(EEMaE)B(MEEM))Q(B(MMEMa)MQ(Q(MStEMa)Q(B(MaMaME)EB(EMaMaE)M)Q(StMaB(EEEM)M)E)Ma)Q(EMMaMa))EQ(MaEStMa))EMa)E)Q(MaQ(Q(MEEB(EMaMaMa))Q(MaMMaM)MMa)MaQ(Q(MQ(MaMaMQ(B(MaMEMa)Q(EMaME)Q(MaMaStE)Q(MB(MMEE)ME)))StE)Q(MMMaB(EMMMa))MQ(B(MaMEM)StME)))Q(StStStE))MaB(EMME)Q(Q(Q(StStStE)EQ(MMMM)Q(EStME))StMaM))E),15987.5
103,12748.89258,170.0214233,2458.5,1196.5,14.59,260.17,Q(B(MaMMMa)EQ(Q(Q(EMaMSt)Q(Q(StStEE)EQ(MQ(Q(StEStE)Q(Q(StStMaMa)Q(MB(EMMMa)B(EEMaE)B(MEEM))Q(B(MMEMa)MQ(Q(MStEMa)Q(B(MaMaME)EB(EMaMaE)M)Q(StQ(Q(EEB(EMEM)E)Q(EStStSt)Q(StB(MaMaEE)B(EEMaE)E)Q(EMaEE))B(EEEM)M)E)Ma)Q(EMMaMa))EQ(MaEStMa))EMa)E)Q(MaQ(Q(MEB(MaMaMMa)B(EMaEMa))Q(MaQ(Q(MStMaE)Q(MB(MMME)StE)Q(StB(MEMMa)ME)Q(B(MMaMaM)StEB(EMaMaE)))EM)MMa)MaQ(Q(MEStE)Q(MMMaB(EMMMa))MQ(B(MaMEM)StME)))Q(StStStE))MaB(EMME)Q(Q(Q(StStStE)EQ(MMMM)Q(EStME))StMaM))E),15987.5
104,12253.91113,164.2428589,2419.5,1167.25,15.4,267.64,Q(B(MaMMM)EQ(Q(Q(EMaMSt)Q(Q(StStStE)EQ(MStEQ(Q(MEMaMa)Q(StMaMaB(EMME))Q(Q(Q(Q(EEB(MaMaMaE)Q(Q(StMStB(EEMaM))Q(B(MMMMa)StStMa)Q(MaStMaB(EMaMaMa))Q(MQ(Q(MEStE)Q(MB(EMaMaE)B(EMEMa)Ma)Q(MB(EMEMa)MaM)Q(MMaMMa))MMa)))Q(MB(EMMMa)EMa)Q(MaMaB(MaMMaM)Ma)Q(MaEEB(MaMaMMa)))StB(EMaEE)St)StB(EMaEE)St)Q(MB(EEMMa)ESt)))Q(MMMM))Q(MaQ(Q(MaEMSt)Q(MaMMaM)Q(MMaB(MMEMa)E)Q(EMMMa))MaQ(Q(StQ(MaMaMQ(B(MaMEE)Q(EMaMaQ(Q(Q(EEB(MaMaMaE)Q(Q(StMStB(EEMaM))Q(B(MMMMa)StStMa)Q(MaStMaB(EMaMaMa))Q(MQ(Q(MEStE)Q(MB(MMaMaE)B(EMEMa)Ma)Q(StB(EMEMa)MaM)Q(MMaQ(Q(StStMaMa)Q(MB(EMMMa)B(EEMaE)B(MEEM))Q(B(MEEMa)MQ(Q(Q(Q(StB(MaMMaM)StE)Q(B(MMaMaMa)EEMa)Q(MaB(MaMaEE)EMa)Q(StEMSt))StB(MEEM)Ma)MaStE)Ma)Q(EMMaMa))Ma))MMa)))Q(MB(EMMMa)EMa)Q(MaB(MaMMaMa)B(MaMMaM)Ma)Q(MaEStB(MaMaMMa)))StB(EMaEE)St))StQ(StB(MMEE)Q(Q(StB(EEEE)StSt)Q(EB(MMaMaE)StB(EMaMaE))Q(EMaMM)Q(B(EEMaE)MEE))E)))StE)Q(MMQ(Q(EMMaB(EMaMMa))Q(MaB(MMMaM)StM)Q(MaMME)Q(B(MMaMMa)Q(Q(EMaESt)MaStQ(Q(Q(MEQ(Q(EStStMa)MaQ(MaMaEB(EMaEE))Q(StStMB(MaMEMa)))Ma)Q(StMStMa)Q(MaStME)St)MaStSt))ESt))B(EMMMa))Q(MMMQ(Q(B(MaMaMaM)B(EMaMaM)EE)Q(MaMaStM)Q(StMaMaSt)Q(B(EEMaE)MaMM)))Q(B(MaMEM)MME)))Q(StStStE))MaB(EMME)Q(Q(Q(StStStE)EQ(MMME)Q(B(MMEM)StME))StMaM))E),16075
105,11366.94629,155.4857178,2440.5,1160.75,14.87,240.97,Q(B(MaMMMa)EQ(Q(Q(EMaMSt)Q(Q(StStEE)EQ(MQ(Q(StEStE)Q(Q(StQ(Q(StStMB(MMaMaM))Q(EMaB(MMaMaMa)E)Q(B(MMMaMa)EMSt)Q(B(MEEE)StEB(MMME)))MaMa)Q(MB(EMMMa)B(EEMaE)B(MEEM))Q(B(MMEMa)MQ(Q(MStEMa)Q(B(MaMaME)EB(EMaMaE)M)Q(StQ(Q(EEB(EMEM)E)Q(EStStSt)Q(StB(MaMaEE)B(EEMaE)E)Q(EMaEE))B(EEEM)B(MEEE))E)Ma)Q(EMMaMa))EQ(MaEStMa))EMa)E)Q(MaQ(Q(MEB(MaMaMMa)B(EMaEMa))Q(MaMMaM)MMa)MaQ(Q(MEStE)Q(EMMaB(EMMMa))MQ(B(MaMEM)StME)))Q(StStStE))MaB(EMME)Q(Q(Q(StStStE)EQ(MMMM)Q(EStME))StMaM))E),15987.5